"","R_square","AIC","BIC","ID","Model"
"1",0.967606114126197,-1.24059550501968,-0.254472618338585,"Spoilage_C02 Beef Striploins_10_1_3","Cubic"
"2",0.92570997994643,4.22946682635148,5.01836513569636,"Spoilage_C02 Beef Striploins_10_1_3","Logistic"
"3",0.980805841766797,-5.95086901509574,-4.96474612841464,"Spoilage_C02 Beef Striploins_10_1_3","Logisticlag"
"4",0.989478916480463,-11.3618919981131,-10.375769111432,"Spoilage_C02 Beef Striploins_10_1_3","Gompertz"
"5",0.979969225903175,-5.56689461933129,-4.5807717326502,"Spoilage_C02 Beef Striploins_10_1_3","Baranyi"
"6",0.975012749097756,-3.57703120360932,-2.59090831692823,"Spoilage_C02 Beef Striploins_10_1_3","Buchanan"
