"","R_square","AIC","BIC","ID","Model"
"1",0.999756176877326,-7.0901085658059,-9.0429190036354,"Pseudomonas sp._APT Broth_4_1_8","Cubic"
"2",0.972952112319986,14.4544971162607,12.8922487659971,"Pseudomonas sp._APT Broth_4_1_8","Logistic"
"3",0.99943652146142,-2.90167760841431,-4.85448804624381,"Pseudomonas sp._APT Broth_4_1_8","Logisticlag"
"4",0.99937299111007,-2.36752024730357,-4.32033068513307,"Pseudomonas sp._APT Broth_4_1_8","Gompertz"
"5",0.999675517710701,-5.6611690614347,-7.61397949926419,"Pseudomonas sp._APT Broth_4_1_8","Baranyi"
"6",0.999699288182821,-6.04156190193934,-7.99437233976883,"Pseudomonas sp._APT Broth_4_1_8","Buchanan"
