"","R_square","AIC","BIC","ID","Model"
"1",0.952534123996917,5.64959108797828,20.7359902720529,"Lactobaciulus plantarum_MRS_10_1_9","Cubic"
"2",0.953739791582715,-0.235471421903634,11.8336479253561,"Lactobaciulus plantarum_MRS_10_1_9","Logistic"
"3",0.956653799408772,-8.06000068574366,7.02639849833096,"Lactobaciulus plantarum_MRS_10_1_9","Logisticlag"
"4",0.956577251823658,-7.79357615219893,7.29282303187569,"Lactobaciulus plantarum_MRS_10_1_9","Gompertz"
"5",0.955404081260728,-3.76808354546888,11.3183156386057,"Lactobaciulus plantarum_MRS_10_1_9","Baranyi"
"6",0.951305511009413,9.50836714756637,24.594766331641,"Lactobaciulus plantarum_MRS_10_1_9","Buchanan"
