"","R_square","AIC","BIC","ID","Model"
"1","0.481959418774053","22.6748898692267","27.1267486587075","Dickeya.zeae..RDA.R._TSB_35_1_0","Cubic"
"2","0.61624716322197","15.2739018456916","18.8353888772762","Dickeya.zeae..RDA.R._TSB_35_1_0","Logistic"
"3","0.824074365917703","3.23503010356232","7.68688889304314","Dickeya.zeae..RDA.R._TSB_35_1_0","Logisticlag"
"4","0.820950247252027","3.55187228495346","8.00373107443428","Dickeya.zeae..RDA.R._TSB_35_1_0","Gompertz"
"5","0.776319023876259","7.5579002187368","12.0097590082176","Dickeya.zeae..RDA.R._TSB_35_1_0","Baranyi"
"6","NA","NA","NA","Dickeya.zeae..RDA.R._TSB_35_1_0","Buchanan"
