"","R_square","AIC","BIC","ID","Model"
"1","0.934568362712986","8.51796096062964","10.5074373246215","Arthrobacter sp. 88_TGE agar_30_1_5","Cubic"
"2","0.985204532224081","-9.83557392436204","-8.24399283316856","Arthrobacter sp. 88_TGE agar_30_1_5","Logistic"
"3","0.992675046382323","-15.5689488009465","-13.5794724369547","Arthrobacter sp. 88_TGE agar_30_1_5","Logisticlag"
"4","0.993595500808861","-17.0460956900988","-15.0566193261069","Arthrobacter sp. 88_TGE agar_30_1_5","Gompertz"
"5","0.991846833580813","-14.3906337876241","-12.4011574236322","Arthrobacter sp. 88_TGE agar_30_1_5","Baranyi"
"6","NA","NA","NA","Arthrobacter sp. 88_TGE agar_30_1_5","Buchanan"
