"","R_square","AIC","BIC","ID","Model"
"1",0.984454092825399,-1.7612536637303,-1.36404595533112,"Spoilage_C02 Beef Striploins_12_1_3","Cubic"
"2",0.951391093963176,5.35882126530322,5.67658743202256,"Spoilage_C02 Beef Striploins_12_1_3","Logistic"
"3",0.996238755201403,-13.1136331333806,-12.7164254249815,"Spoilage_C02 Beef Striploins_12_1_3","Logisticlag"
"4",0.997715510994532,-17.1024939071718,-16.7052861987726,"Spoilage_C02 Beef Striploins_12_1_3","Gompertz"
"5",0.996823118299034,-14.4644319138396,-14.0672242054404,"Spoilage_C02 Beef Striploins_12_1_3","Baranyi"
"6",0.998617433801083,-21.1201021679127,-20.7228944595135,"Spoilage_C02 Beef Striploins_12_1_3","Buchanan"
