"","R_square","AIC","BIC","ID","Model"
"1","0.832112148840806","8.20887373568887","12.0718173468878","Dickeya.zeae..RDA.R._TSB_25_1_0","Cubic"
"2","0.921589683093604","-5.97257733590137","-2.88222244694224","Dickeya.zeae..RDA.R._TSB_25_1_0","Logistic"
"3","0.997119710187436","-56.8376108310218","-52.9746672198229","Dickeya.zeae..RDA.R._TSB_25_1_0","Logisticlag"
"4","0.996655275170004","-54.4457146923288","-50.5827710811299","Dickeya.zeae..RDA.R._TSB_25_1_0","Gompertz"
"5","0.997207127353113","-57.3307345073687","-53.4677908961698","Dickeya.zeae..RDA.R._TSB_25_1_0","Baranyi"
"6","NA","NA","NA","Dickeya.zeae..RDA.R._TSB_25_1_0","Buchanan"
