"","R_square","AIC","BIC","ID","Model"
"1","0.817478126609536","-7.37987392331773","-1.28549479897673","Dickeya.zeae_TSB_15_1_0","Cubic"
"2","0.889851226920996","-22.0058260604877","-17.1303227610149","Dickeya.zeae_TSB_15_1_0","Logistic"
"3","0.916577328197569","-26.9536215098004","-20.8592423854594","Dickeya.zeae_TSB_15_1_0","Logisticlag"
"4","0.916355176929649","-26.8871359857852","-20.7927568614442","Dickeya.zeae_TSB_15_1_0","Gompertz"
"5","0.91713049365123","-27.1199454764937","-21.0255663521527","Dickeya.zeae_TSB_15_1_0","Baranyi"
"6","NA","NA","NA","Dickeya.zeae_TSB_15_1_0","Buchanan"
