"","R_square","AIC","BIC","ID","Model"
"1","0.784969553684152","16.228565579456","22.1188347311957","Dickeya.zeae..RDA.R._TSB_15_1_0","Cubic"
"2","0.94317650439606","-17.7113480288349","-12.9991327074431","Dickeya.zeae..RDA.R._TSB_15_1_0","Logistic"
"3","0.957107914729047","-22.4616499200311","-16.5713807682914","Dickeya.zeae..RDA.R._TSB_15_1_0","Logisticlag"
"4","0.957067731907294","-22.4391763969637","-16.548907245224","Dickeya.zeae..RDA.R._TSB_15_1_0","Gompertz"
"5","0.958472095935344","-23.2373713922395","-17.3471022404998","Dickeya.zeae..RDA.R._TSB_15_1_0","Baranyi"
"6","NA","NA","NA","Dickeya.zeae..RDA.R._TSB_15_1_0","Buchanan"
