"","R_square","AIC","BIC","ID","Model"
"1","0.802722957700123","10.167010727195","14.0299543383939","Dickeya.zeae_TSB_25_1_0","Cubic"
"2","0.891195072953113","-1.35382812324533","1.73652676571379","Dickeya.zeae_TSB_25_1_0","Logistic"
"3","0.981289486552959","-27.521364706581","-23.6584210953821","Dickeya.zeae_TSB_25_1_0","Logisticlag"
"4","0.981885925510375","-28.0397063079092","-24.1767626967103","Dickeya.zeae_TSB_25_1_0","Gompertz"
"5","0.971969862074357","-21.0542494503751","-17.1913058391762","Dickeya.zeae_TSB_25_1_0","Baranyi"
"6","NA","NA","NA","Dickeya.zeae_TSB_25_1_0","Buchanan"
