"","R_square","AIC","BIC","ID","Model"
"1","0.93054758456131","-3.35444592448455","-0.159159276408259","Bacillus.pumilus_TSB_25_1_0","Cubic"
"2","0.992850779427002","-37.1853850383882","-34.6291557199271","Bacillus.pumilus_TSB_25_1_0","Logistic"
"3","0.991332727001555","-32.4896728825963","-29.29438623452","Bacillus.pumilus_TSB_25_1_0","Logisticlag"
"4","0.99133276223633","-32.4897297964442","-29.2944431483679","Bacillus.pumilus_TSB_25_1_0","Gompertz"
"5","0.987772037177019","-27.6712767064382","-24.4759900583619","Bacillus.pumilus_TSB_25_1_0","Baranyi"
"6","NA","NA","NA","Bacillus.pumilus_TSB_25_1_0","Buchanan"
