"","R_square","AIC","BIC","ID","Model"
"1","0.749905175774988","10.2394724132696","17.2454593215803","Enterobacter.sp._TSB_15_1_0","Cubic"
"2","0.970219883827618","-55.6005040240986","-49.9957144974499","Enterobacter.sp._TSB_15_1_0","Logistic"
"3","0.99424757866707","-102.927105845652","-95.9211189373413","Enterobacter.sp._TSB_15_1_0","Logisticlag"
"4","0.993995927609821","-101.642592751444","-94.6366058431334","Enterobacter.sp._TSB_15_1_0","Gompertz"
"5","0.994359704399493","-103.517637604935","-96.5116506966245","Enterobacter.sp._TSB_15_1_0","Baranyi"
"6","NA","NA","NA","Enterobacter.sp._TSB_15_1_0","Buchanan"
