"","R_square","AIC","BIC","ID","Model"
"1","0.981218613106728","-33.4022078064836","-29.2361410862025","Enterobacter.sp._TSB_25_1_0","Cubic"
"2","0.971527570046969","-28.3290190225666","-24.9961656463418","Enterobacter.sp._TSB_25_1_0","Logistic"
"3","0.995708012404217","-58.4961863659259","-54.3301196456448","Enterobacter.sp._TSB_25_1_0","Logisticlag"
"4","0.995709002808513","-58.5001096801415","-54.3340429598605","Enterobacter.sp._TSB_25_1_0","Gompertz"
"5","0.999520269799324","-95.7479693111249","-91.5819025908438","Enterobacter.sp._TSB_25_1_0","Baranyi"
"6","NA","NA","NA","Enterobacter.sp._TSB_25_1_0","Buchanan"
