"","R_square","AIC","BIC","ID","Model"
"1",0.976318523372294,-16.2608966907562,-3.81771484209554,"Lactobaciulus plantarum_MRS_25_1_9","Cubic"
"2",0.990292660925123,-97.6320721819808,-87.6775267030523,"Lactobaciulus plantarum_MRS_25_1_9","Logistic"
"3",0.990394878567481,-96.5742053834271,-84.1310235347664,"Lactobaciulus plantarum_MRS_25_1_9","Logisticlag"
"4",0.989467904742923,-88.3745599688468,-75.9313781201861,"Lactobaciulus plantarum_MRS_25_1_9","Gompertz"
"5",0.990708349913334,-99.527250486838,-87.0840686381773,"Lactobaciulus plantarum_MRS_25_1_9","Baranyi"
"6",0.988989258980732,-84.4190469467274,-71.9758650980667,"Lactobaciulus plantarum_MRS_25_1_9","Buchanan"
