"","R_square","AIC","BIC","ID","Model"
"1","0.960415612276317","2.94434940816725","2.67390015344382","Arthrobacter sp. 77_TGE agar_20_1_5","Cubic"
"2","0.984126787662085","-5.45226362106651","-5.66862302484526","Arthrobacter sp. 77_TGE agar_20_1_5","Logistic"
"3","0.996948789637431","-14.9959256650853","-15.2663749198087","Arthrobacter sp. 77_TGE agar_20_1_5","Logisticlag"
"4","0.997368447033991","-16.0316750566109","-16.3021243113343","Arthrobacter sp. 77_TGE agar_20_1_5","Gompertz"
"5","0.996368070340565","-13.7763454740933","-14.0467947288167","Arthrobacter sp. 77_TGE agar_20_1_5","Baranyi"
"6","NA","NA","NA","Arthrobacter sp. 77_TGE agar_20_1_5","Buchanan"
