"","R_square","AIC","BIC","ID","Model"
"1",0.999324942804899,-27.8909422364801,-28.1613914912035,"Spoilage_C02 Beef Striploins_30_1_3","Cubic"
"2",0.998128073468635,-22.7514603104271,-22.9678197142058,"Spoilage_C02 Beef Striploins_30_1_3","Logistic"
"3",0.99913485448705,-26.1542401709083,-26.4246894256317,"Spoilage_C02 Beef Striploins_30_1_3","Logisticlag"
"4",0.999281253968817,-27.4519676899892,-27.7224169447127,"Spoilage_C02 Beef Striploins_30_1_3","Gompertz"
"5",0.999326089368483,-27.9028416263154,-28.1732908810389,"Spoilage_C02 Beef Striploins_30_1_3","Baranyi"
"6",0.996355340303495,-16.0873962333386,-16.357845488062,"Spoilage_C02 Beef Striploins_30_1_3","Buchanan"
