"","R_square","AIC","BIC","ID","Model"
"1",0.995911579539796,5.35856526093134,4.31736260707162,"Pseudomonas sp._APT Broth_6_1_8","Cubic"
"2",0.995457166762865,3.99091833216044,3.15795620907266,"Pseudomonas sp._APT Broth_6_1_8","Logistic"
"3",0.997141164491213,3.21209932440075,2.17089667054103,"Pseudomonas sp._APT Broth_6_1_8","Logisticlag"
"4",0.996243548196238,4.85046211737536,3.80925946351563,"Pseudomonas sp._APT Broth_6_1_8","Gompertz"
"5",0.999302533596383,-5.25219253837005,-6.29339519222978,"Pseudomonas sp._APT Broth_6_1_8","Baranyi"
"6",0.999406651425188,-6.22222635939661,-7.26342901325634,"Pseudomonas sp._APT Broth_6_1_8","Buchanan"
