"","R_square","AIC","BIC","ID","Model"
"1",0.991582773096579,-9.17731397124106,-9.44776322596449,"Spoilage_C02 Beef Striploins_15_1_3","Cubic"
"2",0.973252099371945,-3.08408504111005,-3.3004444448888,"Spoilage_C02 Beef Striploins_15_1_3","Logistic"
"3",0.988941795587683,-7.26706853208854,-7.53751778681197,"Spoilage_C02 Beef Striploins_15_1_3","Logisticlag"
"4",0.992388867345181,-9.88199297516873,-10.1524422298922,"Spoilage_C02 Beef Striploins_15_1_3","Gompertz"
"5",0.990306917984514,-8.18938990708759,-8.45983916181102,"Spoilage_C02 Beef Striploins_15_1_3","Baranyi"
"6",0.994437054709937,-12.0763830895442,-12.3468323442676,"Spoilage_C02 Beef Striploins_15_1_3","Buchanan"
