"","R_square","AIC","BIC","ID","Model"
"1","0.88080223019174","-40.8633824623501","-34.0269033124177","Enterobacter.sp._TSB_5_1_0","Cubic"
"2","0.951699141717009","-69.060089181665","-63.5909058617191","Enterobacter.sp._TSB_5_1_0","Logistic"
"3","0.998325061804589","-164.548608037685","-157.712128887753","Enterobacter.sp._TSB_5_1_0","Logisticlag"
"4","0.998651517755004","-170.835708547602","-163.99922939767","Enterobacter.sp._TSB_5_1_0","Gompertz"
"5","0.997586199945565","-153.951253300534","-147.114774150602","Enterobacter.sp._TSB_5_1_0","Baranyi"
"6","NA","NA","NA","Enterobacter.sp._TSB_5_1_0","Buchanan"
